titulo,descripcion,slug,imagen,categoria
AirPods Pro (1.ª generación),Auriculares in‑ear con cancelación activa de ruido y modo Transparencia. Estuche de carga inalámbrica. Ideal para iPhone.,apple-airpods-pro-1a-gen,apple-airpods-pro-1a-gen.jpg,Audio
AirPods (3.ª generación) – Blanco,Auriculares con Personalized Spatial Audio y estuche de carga. Ajuste cómodo y batería para el día a día.,apple-airpods-3a-gen-blanco,apple-airpods-3a-gen-blanco.jpg,Audio
AirPods estilo 3.ª gen – Negro (genérico),"Auriculares estilo AirPods 3 en color negro (genérico). Diseño liviano, conexión Bluetooth estable.",airpods-3a-gen-negro-generico,airpods-3a-gen-negro-generico.jpg,Audio
Airdots Pro – Control táctil (Blanco),Auriculares TWS con control táctil e IPX4. Estuche compacto para carga rápida.,airdots-pro-tactil-blanco,airdots-pro-tactil-blanco.jpg,Audio
Redmi AirDots TWS – Tipo botón (Negro),"Auriculares TWS tipo botón, Bluetooth 5.x, estuche ultracompacto. Prácticos para uso diario.",redmi-airdots-tws-boton-negro,redmi-airdots-tws-boton-negro.jpg,Audio
Cargador USB‑C 20W – Estilo Apple (Blanco),"Adaptador de corriente USB‑C de 20 W, diseño compacto. Carga rápida compatible con teléfonos y tablets.",cargador-usb-c-20w-apple-blanco,cargador-usb-c-20w-apple-blanco.jpg,Cargadores
